[
  {
    "id": 0,
    "username": "Medium",
    "max_length": "35",
    "avg_length": "30",
    "no_of_kills":"40",
    "score": "50",
    "positions": "1,1,2,2,3,2,1,2,3"
  },
  {
    "id": 1,
    "username": "Easy",
    "max_length": "33",
    "avg_length": "29",
    "no_of_kills":"35",
    "score": "49",
    "positions": "2,2,3,3,4,4,3,3,4"
  },
  {
    "id": 2,
    "username": "VeryEasy",
    "max_length": "30",
    "avg_length": "28",
    "no_of_kills":"33",
    "score": "45",
    "positions": "5,5,4,4,5,5,4,4,4"
  },
  {
    "id": 3,
    "username": "Random",
    "max_length": "28",
    "avg_length": "25",
    "no_of_kills":"32",
    "score": "41",
    "positions": "4,4,5,5,4,4,5,5,5"
  },
  {
    "id": 4,
    "username": "Steve_James",
    "max_length": "23",
    "avg_length": "20",
    "no_of_kills":"24",
    "score": "32",
    "positions": "3,3,2,1,3,1,3,3,2"
  }
]
